Title,Price,Date
Timberland Short Watch Cap,20.00,2022-01-25 15:05:07
Timberland Short Watch Cap,20.00,2022-01-25 15:05:54
Timberland Short Watch Cap,20.00,2022-01-25 15:06:07
Timberland Short Watch Cap,20.00,2022-01-25 15:06:20
Timberland Short Watch Cap,20.00,2022-01-25 15:06:32
Timberland Short Watch Cap,20.00,2022-01-25 15:06:45
Timberland Short Watch Cap,20.00,2022-01-25 15:06:58
Timberland Short Watch Cap,20.00,2022-01-25 15:07:11
Timberland Short Watch Cap,20.00,2022-01-25 15:07:24
Timberland Short Watch Cap,20.00,2022-01-25 15:07:36
Timberland Short Watch Cap,20.00,2022-01-25 15:07:49
